hx_criteria_version,v01,,,,,,,,,,,,,,,,,,,,,,,,,,,,,,,
RAW_BS_FRAME,10,,,,,,,,,,,,,,,,,,,,,,,,,,,,,,,
NOISE_BS_FRAME,10,,,,,,,,,,,,,,,,,,,,,,,,,,,,,,,
ACT_IDLE_BS_FRAME,9,,,,,,,,,,,,,,,,,,,,,,,,,,,,,,,
LP_BS_FRAME,16,,,,,,,,,,,,,,,,,,,,,,,,,,,,,,,
LP_IDLE_BS_FRAME,1,,,,,,,,,,,,,,,,,,,,,,,,,,,,,,,
NORMAL_N_FRAME,60,,,,,,,,,,,,,,,,,,,,,,,,,,,,,,,
IDLE_N_FRAME,5,,,,,,,,,,,,,,,,,,,,,,,,,,,,,,,
LP_RAW_N_FRAME,13,,,,,,,,,,,,,,,,,,,,,,,,,,,,,,,
LP_NOISE_N_FRAME,60,,,,,,,,,,,,,,,,,,,,,,,,,,,,,,,
LP_IDLE_RAW_N_FRAME,14,,,,,,,,,,,,,,,,,,,,,,,,,,,,,,,
LP_IDLE_NOISE_N_FRAME,19,,,,,,,,,,,,,,,,,,,,,,,,,,,,,,,
CRITERIA_SHORT_MIN,0,0,0,0,0,0,0,0,0,0,0,0,0,0,0,0,0,0,0,0,0,0,0,0,0,0,0,0,0,0,0,0
,0,0,0,0,0,0,0,0,0,0,0,0,0,0,0,0,0,0,0,0,0,0,0,0,0,0,0,0,0,0,0,0
,0,0,0,0,0,0,0,0,0,0,0,0,0,0,0,0,0,0,0,0,0,0,0,0,0,0,0,0,0,0,0,0
,0,0,0,0,0,0,0,0,0,0,0,0,0,0,0,0,0,0,0,0,0,0,0,0,0,0,0,0,0,0,0,0
,0,0,0,0,0,0,0,0,0,0,0,0,0,0,0,0,0,0,0,0,0,0,0,0,0,0,0,0,0,0,0,0
,0,0,0,0,0,0,0,0,0,0,0,0,0,0,0,0,0,0,0,0,0,0,0,0,0,0,0,0,0,0,0,0
,0,0,0,0,0,0,0,0,0,0,0,0,0,0,0,0,0,0,0,0,0,0,0,0,0,0,0,0,0,0,0,0
,0,0,0,0,0,0,0,0,0,0,0,0,0,0,0,0,0,0,0,0,0,0,0,0,0,0,0,0,0,0,0,0
,0,0,0,0,0,0,0,0,0,0,0,0,0,0,0,0,0,0,0,0,0,0,0,0,0,0,0,0,0,0,0,0
,0,0,0,0,0,0,0,0,0,0,0,0,0,0,0,0,0,0,0,0,0,0,0,0,0,0,0,0,0,0,0,0
,0,0,0,0,0,0,0,0,0,0,0,0,0,0,0,0,0,0,0,0,0,0,0,0,0,0,0,0,0,0,0,0
,0,0,0,0,0,0,0,0,0,0,0,0,0,0,0,0,0,0,0,0,0,0,0,0,0,0,0,0,0,0,0,0
,0,0,0,0,0,0,0,0,0,0,0,0,0,0,0,0,0,0,0,0,0,0,0,0,0,0,0,0,0,0,0,0
,0,0,0,0,0,0,0,0,0,0,0,0,0,0,0,0,0,0,0,0,0,0,0,0,0,0,0,0,0,0,0,0
,0,0,0,0,0,0,0,0,0,0,0,0,0,0,0,0,0,0,0,0,0,0,0,0,0,0,0,0,0,0,0,0
,0,0,0,0,0,0,0,0,0,0,0,0,0,0,0,0,0,0,0,0,0,0,0,0,0,0,0,0,0,0,0,0
,0,0,0,0,0,0,0,0,0,0,0,0,0,0,0,0,0,0,0,0,0,0,0,0,0,0,0,0,0,0,0,0
,0,0,0,0,0,0,0,0,0,0,0,0,0,0,0,0,0,0,0,0,0,0,0,0,0,0,0,0,0,0,0,0
CRITERIA_SHORT_MAX,150,150,150,150,150,150,150,150,150,150,150,150,150,150,150,150,150,150,150,150,150,150,150,150,150,150,150,150,150,150,150,150
,150,150,150,150,150,150,150,150,150,150,150,150,150,150,150,150,150,150,150,150,150,150,150,150,150,150,150,150,150,150,150,150
,150,150,150,150,150,150,150,150,150,150,150,150,150,150,150,150,150,150,150,150,150,150,150,150,150,150,150,150,150,150,150,150
,150,150,150,150,150,150,150,150,150,150,150,150,150,150,150,150,150,150,150,150,150,150,150,150,150,150,150,150,150,150,150,150
,150,150,150,150,150,150,150,150,150,150,150,150,150,150,150,150,150,150,150,150,150,150,150,150,150,150,150,150,150,150,150,150
,150,150,150,150,150,150,150,150,150,150,150,150,150,150,150,150,150,150,150,150,150,150,150,150,150,150,150,150,150,150,150,150
,150,150,150,150,150,150,150,150,150,150,150,150,150,150,150,150,150,150,150,150,150,150,150,150,150,150,150,150,150,150,150,150
,150,150,150,150,150,150,150,150,150,150,150,150,150,150,150,150,150,150,150,150,150,150,150,150,150,150,150,150,150,150,150,150
,150,150,150,150,150,150,150,150,150,150,150,150,150,150,150,150,150,150,150,150,150,150,150,150,150,150,150,150,150,150,150,150
,150,150,150,150,150,150,150,150,150,150,150,150,150,150,150,150,150,150,150,150,150,150,150,150,150,150,150,150,150,150,150,150
,150,150,150,150,150,150,150,150,150,150,150,150,150,150,150,150,150,150,150,150,150,150,150,150,150,150,150,150,150,150,150,150
,150,150,150,150,150,150,150,150,150,150,150,150,150,150,150,150,150,150,150,150,150,150,150,150,150,150,150,150,150,150,150,150
,150,150,150,150,150,150,150,150,150,150,150,150,150,150,150,150,150,150,150,150,150,150,150,150,150,150,150,150,150,150,150,150
,150,150,150,150,150,150,150,150,150,150,150,150,150,150,150,150,150,150,150,150,150,150,150,150,150,150,150,150,150,150,150,150
,150,150,150,150,150,150,150,150,150,150,150,150,150,150,150,150,150,150,150,150,150,150,150,150,150,150,150,150,150,150,150,150
,150,150,150,150,150,150,150,150,150,150,150,150,150,150,150,150,150,150,150,150,150,150,150,150,150,150,150,150,150,150,150,150
,150,150,150,150,150,150,150,150,150,150,150,150,150,150,150,150,150,150,150,150,150,150,150,150,150,150,150,150,150,150,150,150
,150,150,150,150,150,150,150,150,150,150,150,150,150,150,150,150,150,150,150,150,150,150,150,150,150,150,150,150,150,150,150,150
CRITERIA_OPEN_MIN,50,50,50,50,50,50,50,50,50,50,50,50,50,50,50,50,50,50,50,50,50,50,50,50,50,50,50,50,50,50,50,50
,50,50,50,50,50,50,50,50,50,50,50,50,50,50,50,50,50,50,50,50,50,50,50,50,50,50,50,50,50,50,50,50
,50,50,50,50,50,50,50,50,50,50,50,50,50,50,50,50,50,50,50,50,50,50,50,50,50,50,50,50,50,50,50,50
,50,50,50,50,50,50,50,50,50,50,50,50,50,50,50,50,50,50,50,50,50,50,50,50,50,50,50,50,50,50,50,50
,50,50,50,50,50,50,50,50,50,50,50,50,50,50,50,50,50,50,50,50,50,50,50,50,50,50,50,50,50,50,50,50
,50,50,50,50,50,50,50,50,50,50,50,50,50,50,50,50,50,50,50,50,50,50,50,50,50,50,50,50,50,50,50,50
,50,50,50,50,50,50,50,50,50,50,50,50,50,50,50,50,50,50,50,50,50,50,50,50,50,50,50,50,50,50,50,50
,50,50,50,50,50,50,50,50,50,50,50,50,50,50,50,50,50,50,50,50,50,50,50,50,50,50,50,50,50,50,50,50
,50,50,50,50,50,50,50,50,50,50,50,50,50,50,50,50,50,50,50,50,50,50,50,50,50,50,50,50,50,50,50,50
,50,50,50,50,50,50,50,50,50,50,50,50,50,50,50,50,50,50,50,50,50,50,50,50,50,50,50,50,50,50,50,50
,50,50,50,50,50,50,50,50,50,50,50,50,50,50,50,50,50,50,50,50,50,50,50,50,50,50,50,50,50,50,50,50
,50,50,50,50,50,50,50,50,50,50,50,50,50,50,50,50,50,50,50,50,50,50,50,50,50,50,50,50,50,50,50,50
,50,50,50,50,50,50,50,50,50,50,50,50,50,50,50,50,50,50,50,50,50,50,50,50,50,50,50,50,50,50,50,50
,50,50,50,50,50,50,50,50,50,50,50,50,50,50,50,50,50,50,50,50,50,50,50,50,50,50,50,50,50,50,50,50
,50,50,50,50,50,50,50,50,50,50,50,50,50,50,50,50,50,50,50,50,50,50,50,50,50,50,50,50,50,50,50,50
,50,50,50,50,50,50,50,50,50,50,50,50,50,50,50,50,50,50,50,50,50,50,50,50,50,50,50,50,50,50,50,50
,50,50,50,50,50,50,50,50,50,50,50,50,50,50,50,50,50,50,50,50,50,50,50,50,50,50,50,50,50,50,50,50
,50,50,50,50,50,50,50,50,50,50,50,50,50,50,50,50,50,50,50,50,50,50,50,50,50,50,50,50,50,50,50,50
CRITERIA_OPEN_MAX,500,500,500,500,500,500,500,500,500,500,500,500,500,500,500,500,500,500,500,500,500,500,500,500,500,500,500,500,500,500,500,500
,500,500,500,500,500,500,500,500,500,500,500,500,500,500,500,500,500,500,500,500,500,500,500,500,500,500,500,500,500,500,500,500
,500,500,500,500,500,500,500,500,500,500,500,500,500,500,500,500,500,500,500,500,500,500,500,500,500,500,500,500,500,500,500,500
,500,500,500,500,500,500,500,500,500,500,500,500,500,500,500,500,500,500,500,500,500,500,500,500,500,500,500,500,500,500,500,500
,500,500,500,500,500,500,500,500,500,500,500,500,500,500,500,500,500,500,500,500,500,500,500,500,500,500,500,500,500,500,500,500
,500,500,500,500,500,500,500,500,500,500,500,500,500,500,500,500,500,500,500,500,500,500,500,500,500,500,500,500,500,500,500,500
,500,500,500,500,500,500,500,500,500,500,500,500,500,500,500,500,500,500,500,500,500,500,500,500,500,500,500,500,500,500,500,500
,500,500,500,500,500,500,500,500,500,500,500,500,500,500,500,500,500,500,500,500,500,500,500,500,500,500,500,500,500,500,500,500
,500,500,500,500,500,500,500,500,500,500,500,500,500,500,500,500,500,500,500,500,500,500,500,500,500,500,500,500,500,500,500,500
,500,500,500,500,500,500,500,500,500,500,500,500,500,500,500,500,500,500,500,500,500,500,500,500,500,500,500,500,500,500,500,500
,500,500,500,500,500,500,500,500,500,500,500,500,500,500,500,500,500,500,500,500,500,500,500,500,500,500,500,500,500,500,500,500
,500,500,500,500,500,500,500,500,500,500,500,500,500,500,500,500,500,500,500,500,500,500,500,500,500,500,500,500,500,500,500,500
,500,500,500,500,500,500,500,500,500,500,500,500,500,500,500,500,500,500,500,500,500,500,500,500,500,500,500,500,500,500,500,500
,500,500,500,500,500,500,500,500,500,500,500,500,500,500,500,500,500,500,500,500,500,500,500,500,500,500,500,500,500,500,500,500
,500,500,500,500,500,500,500,500,500,500,500,500,500,500,500,500,500,500,500,500,500,500,500,500,500,500,500,500,500,500,500,500
,500,500,500,500,500,500,500,500,500,500,500,500,500,500,500,500,500,500,500,500,500,500,500,500,500,500,500,500,500,500,500,500
,500,500,500,500,500,500,500,500,500,500,500,500,500,500,500,500,500,500,500,500,500,500,500,500,500,500,500,500,500,500,500,500
,500,500,500,500,500,500,500,500,500,500,500,500,500,500,500,500,500,500,500,500,500,500,500,500,500,500,500,500,500,500,500,500
CRITERIA_MICRO_OPEN_MIN,0,0,0,0,0,0,0,0,0,0,0,0,0,0,0,0,0,0,0,0,0,0,0,0,0,0,0,0,0,0,0,0
,0,0,0,0,0,0,0,0,0,0,0,0,0,0,0,0,0,0,0,0,0,0,0,0,0,0,0,0,0,0,0,0
,0,0,0,0,0,0,0,0,0,0,0,0,0,0,0,0,0,0,0,0,0,0,0,0,0,0,0,0,0,0,0,0
,0,0,0,0,0,0,0,0,0,0,0,0,0,0,0,0,0,0,0,0,0,0,0,0,0,0,0,0,0,0,0,0
,0,0,0,0,0,0,0,0,0,0,0,0,0,0,0,0,0,0,0,0,0,0,0,0,0,0,0,0,0,0,0,0
,0,0,0,0,0,0,0,0,0,0,0,0,0,0,0,0,0,0,0,0,0,0,0,0,0,0,0,0,0,0,0,0
,0,0,0,0,0,0,0,0,0,0,0,0,0,0,0,0,0,0,0,0,0,0,0,0,0,0,0,0,0,0,0,0
,0,0,0,0,0,0,0,0,0,0,0,0,0,0,0,0,0,0,0,0,0,0,0,0,0,0,0,0,0,0,0,0
,0,0,0,0,0,0,0,0,0,0,0,0,0,0,0,0,0,0,0,0,0,0,0,0,0,0,0,0,0,0,0,0
,0,0,0,0,0,0,0,0,0,0,0,0,0,0,0,0,0,0,0,0,0,0,0,0,0,0,0,0,0,0,0,0
,0,0,0,0,0,0,0,0,0,0,0,0,0,0,0,0,0,0,0,0,0,0,0,0,0,0,0,0,0,0,0,0
,0,0,0,0,0,0,0,0,0,0,0,0,0,0,0,0,0,0,0,0,0,0,0,0,0,0,0,0,0,0,0,0
,0,0,0,0,0,0,0,0,0,0,0,0,0,0,0,0,0,0,0,0,0,0,0,0,0,0,0,0,0,0,0,0
,0,0,0,0,0,0,0,0,0,0,0,0,0,0,0,0,0,0,0,0,0,0,0,0,0,0,0,0,0,0,0,0
,0,0,0,0,0,0,0,0,0,0,0,0,0,0,0,0,0,0,0,0,0,0,0,0,0,0,0,0,0,0,0,0
,0,0,0,0,0,0,0,0,0,0,0,0,0,0,0,0,0,0,0,0,0,0,0,0,0,0,0,0,0,0,0,0
,0,0,0,0,0,0,0,0,0,0,0,0,0,0,0,0,0,0,0,0,0,0,0,0,0,0,0,0,0,0,0,0
,0,0,0,0,0,0,0,0,0,0,0,0,0,0,0,0,0,0,0,0,0,0,0,0,0,0,0,0,0,0,0,0
CRITERIA_MICRO_OPEN_MAX,150,150,150,150,150,150,150,150,150,150,150,150,150,150,150,150,150,150,150,150,150,150,150,150,150,150,150,150,150,150,150,150
,150,150,150,150,150,150,150,150,150,150,150,150,150,150,150,150,150,150,150,150,150,150,150,150,150,150,150,150,150,150,150,150
,150,150,150,150,150,150,150,150,150,150,150,150,150,150,150,150,150,150,150,150,150,150,150,150,150,150,150,150,150,150,150,150
,150,150,150,150,150,150,150,150,150,150,150,150,150,150,150,150,150,150,150,150,150,150,150,150,150,150,150,150,150,150,150,150
,150,150,150,150,150,150,150,150,150,150,150,150,150,150,150,150,150,150,150,150,150,150,150,150,150,150,150,150,150,150,150,150
,150,150,150,150,150,150,150,150,150,150,150,150,150,150,150,150,150,150,150,150,150,150,150,150,150,150,150,150,150,150,150,150
,150,150,150,150,150,150,150,150,150,150,150,150,150,150,150,150,150,150,150,150,150,150,150,150,150,150,150,150,150,150,150,150
,150,150,150,150,150,150,150,150,150,150,150,150,150,150,150,150,150,150,150,150,150,150,150,150,150,150,150,150,150,150,150,150
,150,150,150,150,150,150,150,150,150,150,150,150,150,150,150,150,150,150,150,150,150,150,150,150,150,150,150,150,150,150,150,150
,150,150,150,150,150,150,150,150,150,150,150,150,150,150,150,150,150,150,150,150,150,150,150,150,150,150,150,150,150,150,150,150
,150,150,150,150,150,150,150,150,150,150,150,150,150,150,150,150,150,150,150,150,150,150,150,150,150,150,150,150,150,150,150,150
,150,150,150,150,150,150,150,150,150,150,150,150,150,150,150,150,150,150,150,150,150,150,150,150,150,150,150,150,150,150,150,150
,150,150,150,150,150,150,150,150,150,150,150,150,150,150,150,150,150,150,150,150,150,150,150,150,150,150,150,150,150,150,150,150
,150,150,150,150,150,150,150,150,150,150,150,150,150,150,150,150,150,150,150,150,150,150,150,150,150,150,150,150,150,150,150,150
,150,150,150,150,150,150,150,150,150,150,150,150,150,150,150,150,150,150,150,150,150,150,150,150,150,150,150,150,150,150,150,150
,150,150,150,150,150,150,150,150,150,150,150,150,150,150,150,150,150,150,150,150,150,150,150,150,150,150,150,150,150,150,150,150
,150,150,150,150,150,150,150,150,150,150,150,150,150,150,150,150,150,150,150,150,150,150,150,150,150,150,150,150,150,150,150,150
,150,150,150,150,150,150,150,150,150,150,150,150,150,150,150,150,150,150,150,150,150,150,150,150,150,150,150,150,150,150,150,150
CRITERIA_NOISE_WT_MIN,-200,-200,-200,-200,-200,-200,-200,-200,-200,-200,-200,-200,-200,-200,-200,-200,-200,-200,-200,-200,-200,-200,-200,-200,-200,-200,-200,-200,-200,-200,-200,-200
,-200,-200,-200,-200,-200,-200,-200,-200,-200,-200,-200,-200,-200,-200,-200,-200,-200,-200,-200,-200,-200,-200,-200,-200,-200,-200,-200,-200,-200,-200,-200,-200
,-200,-200,-200,-200,-200,-200,-200,-200,-200,-200,-200,-200,-200,-200,-200,-200,-200,-200,-200,-200,-200,-200,-200,-200,-200,-200,-200,-200,-200,-200,-200,-200
,-200,-200,-200,-200,-200,-200,-200,-200,-200,-200,-200,-200,-200,-200,-200,-200,-200,-200,-200,-200,-200,-200,-200,-200,-200,-200,-200,-200,-200,-200,-200,-200
,-200,-200,-200,-200,-200,-200,-200,-200,-200,-200,-200,-200,-200,-200,-200,-200,-200,-200,-200,-200,-200,-200,-200,-200,-200,-200,-200,-200,-200,-200,-200,-200
,-200,-200,-200,-200,-200,-200,-200,-200,-200,-200,-200,-200,-200,-200,-200,-200,-200,-200,-200,-200,-200,-200,-200,-200,-200,-200,-200,-200,-200,-200,-200,-200
,-200,-200,-200,-200,-200,-200,-200,-200,-200,-200,-200,-200,-200,-200,-200,-200,-200,-200,-200,-200,-200,-200,-200,-200,-200,-200,-200,-200,-200,-200,-200,-200
,-200,-200,-200,-200,-200,-200,-200,-200,-200,-200,-200,-200,-200,-200,-200,-200,-200,-200,-200,-200,-200,-200,-200,-200,-200,-200,-200,-200,-200,-200,-200,-200
,-200,-200,-200,-200,-200,-200,-200,-200,-200,-200,-200,-200,-200,-200,-200,-200,-200,-200,-200,-200,-200,-200,-200,-200,-200,-200,-200,-200,-200,-200,-200,-200
,-200,-200,-200,-200,-200,-200,-200,-200,-200,-200,-200,-200,-200,-200,-200,-200,-200,-200,-200,-200,-200,-200,-200,-200,-200,-200,-200,-200,-200,-200,-200,-200
,-200,-200,-200,-200,-200,-200,-200,-200,-200,-200,-200,-200,-200,-200,-200,-200,-200,-200,-200,-200,-200,-200,-200,-200,-200,-200,-200,-200,-200,-200,-200,-200
,-200,-200,-200,-200,-200,-200,-200,-200,-200,-200,-200,-200,-200,-200,-200,-200,-200,-200,-200,-200,-200,-200,-200,-200,-200,-200,-200,-200,-200,-200,-200,-200
,-200,-200,-200,-200,-200,-200,-200,-200,-200,-200,-200,-200,-200,-200,-200,-200,-200,-200,-200,-200,-200,-200,-200,-200,-200,-200,-200,-200,-200,-200,-200,-200
,-200,-200,-200,-200,-200,-200,-200,-200,-200,-200,-200,-200,-200,-200,-200,-200,-200,-200,-200,-200,-200,-200,-200,-200,-200,-200,-200,-200,-200,-200,-200,-200
,-200,-200,-200,-200,-200,-200,-200,-200,-200,-200,-200,-200,-200,-200,-200,-200,-200,-200,-200,-200,-200,-200,-200,-200,-200,-200,-200,-200,-200,-200,-200,-200
,-200,-200,-200,-200,-200,-200,-200,-200,-200,-200,-200,-200,-200,-200,-200,-200,-200,-200,-200,-200,-200,-200,-200,-200,-200,-200,-200,-200,-200,-200,-200,-200
,-200,-200,-200,-200,-200,-200,-200,-200,-200,-200,-200,-200,-200,-200,-200,-200,-200,-200,-200,-200,-200,-200,-200,-200,-200,-200,-200,-200,-200,-200,-200,-200
,-200,-200,-200,-200,-200,-200,-200,-200,-200,-200,-200,-200,-200,-200,-200,-200,-200,-200,-200,-200,-200,-200,-200,-200,-200,-200,-200,-200,-200,-200,-200,-200
CRITERIA_NOISE_WT_MAX,300,300,300,300,300,300,300,300,300,300,300,300,300,300,300,300,300,300,300,300,300,300,300,300,300,300,300,300,300,300,300,300
,300,300,300,300,300,300,300,300,300,300,300,300,300,300,300,300,300,300,300,300,300,300,300,300,300,300,300,300,300,300,300,300
,300,300,300,300,300,300,300,300,300,300,300,300,300,300,300,300,300,300,300,300,300,300,300,300,300,300,300,300,300,300,300,300
,300,300,300,300,300,300,300,300,300,300,300,300,300,300,300,300,300,300,300,300,300,300,300,300,300,300,300,300,300,300,300,300
,300,300,300,300,300,300,300,300,300,300,300,300,300,300,300,300,300,300,300,300,300,300,300,300,300,300,300,300,300,300,300,300
,300,300,300,300,300,300,300,300,300,300,300,300,300,300,300,300,300,300,300,300,300,300,300,300,300,300,300,300,300,300,300,300
,300,300,300,300,300,300,300,300,300,300,300,300,300,300,300,300,300,300,300,300,300,300,300,300,300,300,300,300,300,300,300,300
,300,300,300,300,300,300,300,300,300,300,300,300,300,300,300,300,300,300,300,300,300,300,300,300,300,300,300,300,300,300,300,300
,300,300,300,300,300,300,300,300,300,300,300,300,300,300,300,300,300,300,300,300,300,300,300,300,300,300,300,300,300,300,300,300
,300,300,300,300,300,300,300,300,300,300,300,300,300,300,300,300,300,300,300,300,300,300,300,300,300,300,300,300,300,300,300,300
,300,300,300,300,300,300,300,300,300,300,300,300,300,300,300,300,300,300,300,300,300,300,300,300,300,300,300,300,300,300,300,300
,300,300,300,300,300,300,300,300,300,300,300,300,300,300,300,300,300,300,300,300,300,300,300,300,300,300,300,300,300,300,300,300
,300,300,300,300,300,300,300,300,300,300,300,300,300,300,300,300,300,300,300,300,300,300,300,300,300,300,300,300,300,300,300,300
,300,300,300,300,300,300,300,300,300,300,300,300,300,300,300,300,300,300,300,300,300,300,300,300,300,300,300,300,300,300,300,300
,300,300,300,300,300,300,300,300,300,300,300,300,300,300,300,300,300,300,300,300,300,300,300,300,300,300,300,300,300,300,300,300
,300,300,300,300,300,300,300,300,300,300,300,300,300,300,300,300,300,300,300,300,300,300,300,300,300,300,300,300,300,300,300,300
,300,300,300,300,300,300,300,300,300,300,300,300,300,300,300,300,300,300,300,300,300,300,300,300,300,300,300,300,300,300,300,300
,300,300,300,300,300,300,300,300,300,300,300,300,300,300,300,300,300,300,300,300,300,300,300,300,300,300,300,300,300,300,300,300
ACT_IDLE_NOISE_MIN,-200,-200,-200,-200,-200,-200,-200,-200,-200,-200,-200,-200,-200,-200,-200,-200,-200,-200,-200,-200,-200,-200,-200,-200,-200,-200,-200,-200,-200,-200,-200,-200
,-200,-200,-200,-200,-200,-200,-200,-200,-200,-200,-200,-200,-200,-200,-200,-200,-200,-200,-200,-200,-200,-200,-200,-200,-200,-200,-200,-200,-200,-200,-200,-200
,-200,-200,-200,-200,-200,-200,-200,-200,-200,-200,-200,-200,-200,-200,-200,-200,-200,-200,-200,-200,-200,-200,-200,-200,-200,-200,-200,-200,-200,-200,-200,-200
,-200,-200,-200,-200,-200,-200,-200,-200,-200,-200,-200,-200,-200,-200,-200,-200,-200,-200,-200,-200,-200,-200,-200,-200,-200,-200,-200,-200,-200,-200,-200,-200
,-200,-200,-200,-200,-200,-200,-200,-200,-200,-200,-200,-200,-200,-200,-200,-200,-200,-200,-200,-200,-200,-200,-200,-200,-200,-200,-200,-200,-200,-200,-200,-200
,-200,-200,-200,-200,-200,-200,-200,-200,-200,-200,-200,-200,-200,-200,-200,-200,-200,-200,-200,-200,-200,-200,-200,-200,-200,-200,-200,-200,-200,-200,-200,-200
,-200,-200,-200,-200,-200,-200,-200,-200,-200,-200,-200,-200,-200,-200,-200,-200,-200,-200,-200,-200,-200,-200,-200,-200,-200,-200,-200,-200,-200,-200,-200,-200
,-200,-200,-200,-200,-200,-200,-200,-200,-200,-200,-200,-200,-200,-200,-200,-200,-200,-200,-200,-200,-200,-200,-200,-200,-200,-200,-200,-200,-200,-200,-200,-200
,-200,-200,-200,-200,-200,-200,-200,-200,-200,-200,-200,-200,-200,-200,-200,-200,-200,-200,-200,-200,-200,-200,-200,-200,-200,-200,-200,-200,-200,-200,-200,-200
,-200,-200,-200,-200,-200,-200,-200,-200,-200,-200,-200,-200,-200,-200,-200,-200,-200,-200,-200,-200,-200,-200,-200,-200,-200,-200,-200,-200,-200,-200,-200,-200
,-200,-200,-200,-200,-200,-200,-200,-200,-200,-200,-200,-200,-200,-200,-200,-200,-200,-200,-200,-200,-200,-200,-200,-200,-200,-200,-200,-200,-200,-200,-200,-200
,-200,-200,-200,-200,-200,-200,-200,-200,-200,-200,-200,-200,-200,-200,-200,-200,-200,-200,-200,-200,-200,-200,-200,-200,-200,-200,-200,-200,-200,-200,-200,-200
,-200,-200,-200,-200,-200,-200,-200,-200,-200,-200,-200,-200,-200,-200,-200,-200,-200,-200,-200,-200,-200,-200,-200,-200,-200,-200,-200,-200,-200,-200,-200,-200
,-200,-200,-200,-200,-200,-200,-200,-200,-200,-200,-200,-200,-200,-200,-200,-200,-200,-200,-200,-200,-200,-200,-200,-200,-200,-200,-200,-200,-200,-200,-200,-200
,-200,-200,-200,-200,-200,-200,-200,-200,-200,-200,-200,-200,-200,-200,-200,-200,-200,-200,-200,-200,-200,-200,-200,-200,-200,-200,-200,-200,-200,-200,-200,-200
,-200,-200,-200,-200,-200,-200,-200,-200,-200,-200,-200,-200,-200,-200,-200,-200,-200,-200,-200,-200,-200,-200,-200,-200,-200,-200,-200,-200,-200,-200,-200,-200
,-200,-200,-200,-200,-200,-200,-200,-200,-200,-200,-200,-200,-200,-200,-200,-200,-200,-200,-200,-200,-200,-200,-200,-200,-200,-200,-200,-200,-200,-200,-200,-200
,-200,-200,-200,-200,-200,-200,-200,-200,-200,-200,-200,-200,-200,-200,-200,-200,-200,-200,-200,-200,-200,-200,-200,-200,-200,-200,-200,-200,-200,-200,-200,-200
ACT_IDLE_NOISE_MAX,300,300,300,300,300,300,300,300,300,300,300,300,300,300,300,300,300,300,300,300,300,300,300,300,300,300,300,300,300,300,300,300
,300,300,300,300,300,300,300,300,300,300,300,300,300,300,300,300,300,300,300,300,300,300,300,300,300,300,300,300,300,300,300,300
,300,300,300,300,300,300,300,300,300,300,300,300,300,300,300,300,300,300,300,300,300,300,300,300,300,300,300,300,300,300,300,300
,300,300,300,300,300,300,300,300,300,300,300,300,300,300,300,300,300,300,300,300,300,300,300,300,300,300,300,300,300,300,300,300
,300,300,300,300,300,300,300,300,300,300,300,300,300,300,300,300,300,300,300,300,300,300,300,300,300,300,300,300,300,300,300,300
,300,300,300,300,300,300,300,300,300,300,300,300,300,300,300,300,300,300,300,300,300,300,300,300,300,300,300,300,300,300,300,300
,300,300,300,300,300,300,300,300,300,300,300,300,300,300,300,300,300,300,300,300,300,300,300,300,300,300,300,300,300,300,300,300
,300,300,300,300,300,300,300,300,300,300,300,300,300,300,300,300,300,300,300,300,300,300,300,300,300,300,300,300,300,300,300,300
,300,300,300,300,300,300,300,300,300,300,300,300,300,300,300,300,300,300,300,300,300,300,300,300,300,300,300,300,300,300,300,300
,300,300,300,300,300,300,300,300,300,300,300,300,300,300,300,300,300,300,300,300,300,300,300,300,300,300,300,300,300,300,300,300
,300,300,300,300,300,300,300,300,300,300,300,300,300,300,300,300,300,300,300,300,300,300,300,300,300,300,300,300,300,300,300,300
,300,300,300,300,300,300,300,300,300,300,300,300,300,300,300,300,300,300,300,300,300,300,300,300,300,300,300,300,300,300,300,300
,300,300,300,300,300,300,300,300,300,300,300,300,300,300,300,300,300,300,300,300,300,300,300,300,300,300,300,300,300,300,300,300
,300,300,300,300,300,300,300,300,300,300,300,300,300,300,300,300,300,300,300,300,300,300,300,300,300,300,300,300,300,300,300,300
,300,300,300,300,300,300,300,300,300,300,300,300,300,300,300,300,300,300,300,300,300,300,300,300,300,300,300,300,300,300,300,300
,300,300,300,300,300,300,300,300,300,300,300,300,300,300,300,300,300,300,300,300,300,300,300,300,300,300,300,300,300,300,300,300
,300,300,300,300,300,300,300,300,300,300,300,300,300,300,300,300,300,300,300,300,300,300,300,300,300,300,300,300,300,300,300,300
,300,300,300,300,300,300,300,300,300,300,300,300,300,300,300,300,300,300,300,300,300,300,300,300,300,300,300,300,300,300,300,300
LPWUG_NOISE_WT_MIN,-200,-200,-200,-200,-200,-200,-200,-200,-200,-200,-200,-200,-200,-200,-200,-200,-200,-200,-200,-200,-200,-200,-200,-200,-200,-200,-200,-200,-200,-200,-200,-200
,-200,-200,-200,-200,-200,-200,-200,-200,-200,-200,-200,-200,-200,-200,-200,-200,-200,-200,-200,-200,-200,-200,-200,-200,-200,-200,-200,-200,-200,-200,-200,-200
,-200,-200,-200,-200,-200,-200,-200,-200,-200,-200,-200,-200,-200,-200,-200,-200,-200,-200,-200,-200,-200,-200,-200,-200,-200,-200,-200,-200,-200,-200,-200,-200
,-200,-200,-200,-200,-200,-200,-200,-200,-200,-200,-200,-200,-200,-200,-200,-200,-200,-200,-200,-200,-200,-200,-200,-200,-200,-200,-200,-200,-200,-200,-200,-200
,-200,-200,-200,-200,-200,-200,-200,-200,-200,-200,-200,-200,-200,-200,-200,-200,-200,-200,-200,-200,-200,-200,-200,-200,-200,-200,-200,-200,-200,-200,-200,-200
,-200,-200,-200,-200,-200,-200,-200,-200,-200,-200,-200,-200,-200,-200,-200,-200,-200,-200,-200,-200,-200,-200,-200,-200,-200,-200,-200,-200,-200,-200,-200,-200
,-200,-200,-200,-200,-200,-200,-200,-200,-200,-200,-200,-200,-200,-200,-200,-200,-200,-200,-200,-200,-200,-200,-200,-200,-200,-200,-200,-200,-200,-200,-200,-200
,-200,-200,-200,-200,-200,-200,-200,-200,-200,-200,-200,-200,-200,-200,-200,-200,-200,-200,-200,-200,-200,-200,-200,-200,-200,-200,-200,-200,-200,-200,-200,-200
,-200,-200,-200,-200,-200,-200,-200,-200,-200,-200,-200,-200,-200,-200,-200,-200,-200,-200,-200,-200,-200,-200,-200,-200,-200,-200,-200,-200,-200,-200,-200,-200
,-200,-200,-200,-200,-200,-200,-200,-200,-200,-200,-200,-200,-200,-200,-200,-200,-200,-200,-200,-200,-200,-200,-200,-200,-200,-200,-200,-200,-200,-200,-200,-200
,-200,-200,-200,-200,-200,-200,-200,-200,-200,-200,-200,-200,-200,-200,-200,-200,-200,-200,-200,-200,-200,-200,-200,-200,-200,-200,-200,-200,-200,-200,-200,-200
,-200,-200,-200,-200,-200,-200,-200,-200,-200,-200,-200,-200,-200,-200,-200,-200,-200,-200,-200,-200,-200,-200,-200,-200,-200,-200,-200,-200,-200,-200,-200,-200
,-200,-200,-200,-200,-200,-200,-200,-200,-200,-200,-200,-200,-200,-200,-200,-200,-200,-200,-200,-200,-200,-200,-200,-200,-200,-200,-200,-200,-200,-200,-200,-200
,-200,-200,-200,-200,-200,-200,-200,-200,-200,-200,-200,-200,-200,-200,-200,-200,-200,-200,-200,-200,-200,-200,-200,-200,-200,-200,-200,-200,-200,-200,-200,-200
,-200,-200,-200,-200,-200,-200,-200,-200,-200,-200,-200,-200,-200,-200,-200,-200,-200,-200,-200,-200,-200,-200,-200,-200,-200,-200,-200,-200,-200,-200,-200,-200
,-200,-200,-200,-200,-200,-200,-200,-200,-200,-200,-200,-200,-200,-200,-200,-200,-200,-200,-200,-200,-200,-200,-200,-200,-200,-200,-200,-200,-200,-200,-200,-200
,-200,-200,-200,-200,-200,-200,-200,-200,-200,-200,-200,-200,-200,-200,-200,-200,-200,-200,-200,-200,-200,-200,-200,-200,-200,-200,-200,-200,-200,-200,-200,-200
,-200,-200,-200,-200,-200,-200,-200,-200,-200,-200,-200,-200,-200,-200,-200,-200,-200,-200,-200,-200,-200,-200,-200,-200,-200,-200,-200,-200,-200,-200,-200,-200
LPWUG_NOISE_WT_MAX,300,300,300,300,300,300,300,300,300,300,300,300,300,300,300,300,300,300,300,300,300,300,300,300,300,300,300,300,300,300,300,300
,300,300,300,300,300,300,300,300,300,300,300,300,300,300,300,300,300,300,300,300,300,300,300,300,300,300,300,300,300,300,300,300
,300,300,300,300,300,300,300,300,300,300,300,300,300,300,300,300,300,300,300,300,300,300,300,300,300,300,300,300,300,300,300,300
,300,300,300,300,300,300,300,300,300,300,300,300,300,300,300,300,300,300,300,300,300,300,300,300,300,300,300,300,300,300,300,300
,300,300,300,300,300,300,300,300,300,300,300,300,300,300,300,300,300,300,300,300,300,300,300,300,300,300,300,300,300,300,300,300
,300,300,300,300,300,300,300,300,300,300,300,300,300,300,300,300,300,300,300,300,300,300,300,300,300,300,300,300,300,300,300,300
,300,300,300,300,300,300,300,300,300,300,300,300,300,300,300,300,300,300,300,300,300,300,300,300,300,300,300,300,300,300,300,300
,300,300,300,300,300,300,300,300,300,300,300,300,300,300,300,300,300,300,300,300,300,300,300,300,300,300,300,300,300,300,300,300
,300,300,300,300,300,300,300,300,300,300,300,300,300,300,300,300,300,300,300,300,300,300,300,300,300,300,300,300,300,300,300,300
,300,300,300,300,300,300,300,300,300,300,300,300,300,300,300,300,300,300,300,300,300,300,300,300,300,300,300,300,300,300,300,300
,300,300,300,300,300,300,300,300,300,300,300,300,300,300,300,300,300,300,300,300,300,300,300,300,300,300,300,300,300,300,300,300
,300,300,300,300,300,300,300,300,300,300,300,300,300,300,300,300,300,300,300,300,300,300,300,300,300,300,300,300,300,300,300,300
,300,300,300,300,300,300,300,300,300,300,300,300,300,300,300,300,300,300,300,300,300,300,300,300,300,300,300,300,300,300,300,300
,300,300,300,300,300,300,300,300,300,300,300,300,300,300,300,300,300,300,300,300,300,300,300,300,300,300,300,300,300,300,300,300
,300,300,300,300,300,300,300,300,300,300,300,300,300,300,300,300,300,300,300,300,300,300,300,300,300,300,300,300,300,300,300,300
,300,300,300,300,300,300,300,300,300,300,300,300,300,300,300,300,300,300,300,300,300,300,300,300,300,300,300,300,300,300,300,300
,300,300,300,300,300,300,300,300,300,300,300,300,300,300,300,300,300,300,300,300,300,300,300,300,300,300,300,300,300,300,300,300
,300,300,300,300,300,300,300,300,300,300,300,300,300,300,300,300,300,300,300,300,300,300,300,300,300,300,300,300,300,300,300,300
LPWUG_IDLE_NOISE_MIN,-200,-200,-200,-200,-200,-200,-200,-200,-200,-200,-200,-200,-200,-200,-200,-200,-200,-200,-200,-200,-200,-200,-200,-200,-200,-200,-200,-200,-200,-200,-200,-200
,-200,-200,-200,-200,-200,-200,-200,-200,-200,-200,-200,-200,-200,-200,-200,-200,-200,-200,-200,-200,-200,-200,-200,-200,-200,-200,-200,-200,-200,-200,-200,-200
,-200,-200,-200,-200,-200,-200,-200,-200,-200,-200,-200,-200,-200,-200,-200,-200,-200,-200,-200,-200,-200,-200,-200,-200,-200,-200,-200,-200,-200,-200,-200,-200
,-200,-200,-200,-200,-200,-200,-200,-200,-200,-200,-200,-200,-200,-200,-200,-200,-200,-200,-200,-200,-200,-200,-200,-200,-200,-200,-200,-200,-200,-200,-200,-200
,-200,-200,-200,-200,-200,-200,-200,-200,-200,-200,-200,-200,-200,-200,-200,-200,-200,-200,-200,-200,-200,-200,-200,-200,-200,-200,-200,-200,-200,-200,-200,-200
,-200,-200,-200,-200,-200,-200,-200,-200,-200,-200,-200,-200,-200,-200,-200,-200,-200,-200,-200,-200,-200,-200,-200,-200,-200,-200,-200,-200,-200,-200,-200,-200
,-200,-200,-200,-200,-200,-200,-200,-200,-200,-200,-200,-200,-200,-200,-200,-200,-200,-200,-200,-200,-200,-200,-200,-200,-200,-200,-200,-200,-200,-200,-200,-200
,-200,-200,-200,-200,-200,-200,-200,-200,-200,-200,-200,-200,-200,-200,-200,-200,-200,-200,-200,-200,-200,-200,-200,-200,-200,-200,-200,-200,-200,-200,-200,-200
,-200,-200,-200,-200,-200,-200,-200,-200,-200,-200,-200,-200,-200,-200,-200,-200,-200,-200,-200,-200,-200,-200,-200,-200,-200,-200,-200,-200,-200,-200,-200,-200
,-200,-200,-200,-200,-200,-200,-200,-200,-200,-200,-200,-200,-200,-200,-200,-200,-200,-200,-200,-200,-200,-200,-200,-200,-200,-200,-200,-200,-200,-200,-200,-200
,-200,-200,-200,-200,-200,-200,-200,-200,-200,-200,-200,-200,-200,-200,-200,-200,-200,-200,-200,-200,-200,-200,-200,-200,-200,-200,-200,-200,-200,-200,-200,-200
,-200,-200,-200,-200,-200,-200,-200,-200,-200,-200,-200,-200,-200,-200,-200,-200,-200,-200,-200,-200,-200,-200,-200,-200,-200,-200,-200,-200,-200,-200,-200,-200
,-200,-200,-200,-200,-200,-200,-200,-200,-200,-200,-200,-200,-200,-200,-200,-200,-200,-200,-200,-200,-200,-200,-200,-200,-200,-200,-200,-200,-200,-200,-200,-200
,-200,-200,-200,-200,-200,-200,-200,-200,-200,-200,-200,-200,-200,-200,-200,-200,-200,-200,-200,-200,-200,-200,-200,-200,-200,-200,-200,-200,-200,-200,-200,-200
,-200,-200,-200,-200,-200,-200,-200,-200,-200,-200,-200,-200,-200,-200,-200,-200,-200,-200,-200,-200,-200,-200,-200,-200,-200,-200,-200,-200,-200,-200,-200,-200
,-200,-200,-200,-200,-200,-200,-200,-200,-200,-200,-200,-200,-200,-200,-200,-200,-200,-200,-200,-200,-200,-200,-200,-200,-200,-200,-200,-200,-200,-200,-200,-200
,-200,-200,-200,-200,-200,-200,-200,-200,-200,-200,-200,-200,-200,-200,-200,-200,-200,-200,-200,-200,-200,-200,-200,-200,-200,-200,-200,-200,-200,-200,-200,-200
,-200,-200,-200,-200,-200,-200,-200,-200,-200,-200,-200,-200,-200,-200,-200,-200,-200,-200,-200,-200,-200,-200,-200,-200,-200,-200,-200,-200,-200,-200,-200,-200
LPWUG_IDLE_NOISE_MAX,300,300,300,300,300,300,300,300,300,300,300,300,300,300,300,300,300,300,300,300,300,300,300,300,300,300,300,300,300,300,300,300
,300,300,300,300,300,300,300,300,300,300,300,300,300,300,300,300,300,300,300,300,300,300,300,300,300,300,300,300,300,300,300,300
,300,300,300,300,300,300,300,300,300,300,300,300,300,300,300,300,300,300,300,300,300,300,300,300,300,300,300,300,300,300,300,300
,300,300,300,300,300,300,300,300,300,300,300,300,300,300,300,300,300,300,300,300,300,300,300,300,300,300,300,300,300,300,300,300
,300,300,300,300,300,300,300,300,300,300,300,300,300,300,300,300,300,300,300,300,300,300,300,300,300,300,300,300,300,300,300,300
,300,300,300,300,300,300,300,300,300,300,300,300,300,300,300,300,300,300,300,300,300,300,300,300,300,300,300,300,300,300,300,300
,300,300,300,300,300,300,300,300,300,300,300,300,300,300,300,300,300,300,300,300,300,300,300,300,300,300,300,300,300,300,300,300
,300,300,300,300,300,300,300,300,300,300,300,300,300,300,300,300,300,300,300,300,300,300,300,300,300,300,300,300,300,300,300,300
,300,300,300,300,300,300,300,300,300,300,300,300,300,300,300,300,300,300,300,300,300,300,300,300,300,300,300,300,300,300,300,300
,300,300,300,300,300,300,300,300,300,300,300,300,300,300,300,300,300,300,300,300,300,300,300,300,300,300,300,300,300,300,300,300
,300,300,300,300,300,300,300,300,300,300,300,300,300,300,300,300,300,300,300,300,300,300,300,300,300,300,300,300,300,300,300,300
,300,300,300,300,300,300,300,300,300,300,300,300,300,300,300,300,300,300,300,300,300,300,300,300,300,300,300,300,300,300,300,300
,300,300,300,300,300,300,300,300,300,300,300,300,300,300,300,300,300,300,300,300,300,300,300,300,300,300,300,300,300,300,300,300
,300,300,300,300,300,300,300,300,300,300,300,300,300,300,300,300,300,300,300,300,300,300,300,300,300,300,300,300,300,300,300,300
,300,300,300,300,300,300,300,300,300,300,300,300,300,300,300,300,300,300,300,300,300,300,300,300,300,300,300,300,300,300,300,300
,300,300,300,300,300,300,300,300,300,300,300,300,300,300,300,300,300,300,300,300,300,300,300,300,300,300,300,300,300,300,300,300
,300,300,300,300,300,300,300,300,300,300,300,300,300,300,300,300,300,300,300,300,300,300,300,300,300,300,300,300,300,300,300,300
,300,300,300,300,300,300,300,300,300,300,300,300,300,300,300,300,300,300,300,300,300,300,300,300,300,300,300,300,300,300,300,300
